id,timestamp,value,status
1,2026-03-02T17:12:00Z,1.5,active
2,2026-03-02T17:12:00Z,3,active
3,2026-03-02T17:12:00Z,4.5,active
4,2026-03-02T17:12:00Z,6,active
5,2026-03-02T17:12:00Z,7.5,active
6,2026-03-02T17:12:00Z,9,active
7,2026-03-02T17:12:00Z,10.5,active
8,2026-03-02T17:12:00Z,12,active
9,2026-03-02T17:12:00Z,13.5,active
10,2026-03-02T17:12:00Z,15,active
11,2026-03-02T17:12:00Z,16.5,active
12,2026-03-02T17:12:00Z,18,active
13,2026-03-02T17:12:00Z,19.5,active
14,2026-03-02T17:12:00Z,21,active
15,2026-03-02T17:12:00Z,22.5,active
16,2026-03-02T17:12:00Z,24,active
17,2026-03-02T17:12:00Z,25.5,active
18,2026-03-02T17:12:00Z,27,active
19,2026-03-02T17:12:00Z,28.5,active
20,2026-03-02T17:12:00Z,30,active
21,2026-03-02T17:12:00Z,31.5,active
22,2026-03-02T17:12:00Z,33,active
23,2026-03-02T17:12:00Z,34.5,active
24,2026-03-02T17:12:00Z,36,active
25,2026-03-02T17:12:00Z,37.5,active
26,2026-03-02T17:12:00Z,39,active
27,2026-03-02T17:12:00Z,40.5,active
28,2026-03-02T17:12:00Z,42,active
29,2026-03-02T17:12:00Z,43.5,active
30,2026-03-02T17:12:00Z,45,active
31,2026-03-02T17:12:00Z,46.5,active
32,2026-03-02T17:12:00Z,48,active
33,2026-03-02T17:12:00Z,49.5,active
34,2026-03-02T17:12:00Z,51,active
35,2026-03-02T17:12:00Z,52.5,active
36,2026-03-02T17:12:00Z,54,active
37,2026-03-02T17:12:00Z,55.5,active
38,2026-03-02T17:12:00Z,57,active
39,2026-03-02T17:12:00Z,58.5,active
40,2026-03-02T17:12:00Z,60,active
41,2026-03-02T17:12:00Z,61.5,active
42,2026-03-02T17:12:00Z,63,active
43,2026-03-02T17:12:00Z,64.5,active
44,2026-03-02T17:12:00Z,66,active
45,2026-03-02T17:12:00Z,67.5,active
46,2026-03-02T17:12:00Z,69,active
47,2026-03-02T17:12:00Z,70.5,active
48,2026-03-02T17:12:00Z,72,active
49,2026-03-02T17:12:00Z,73.5,active
50,2026-03-02T17:12:00Z,75,active
51,2026-03-02T17:12:00Z,76.5,active
52,2026-03-02T17:12:00Z,78,active
53,2026-03-02T17:12:00Z,79.5,active
54,2026-03-02T17:12:00Z,81,active
55,2026-03-02T17:12:00Z,82.5,active
56,2026-03-02T17:12:00Z,84,active
57,2026-03-02T17:12:00Z,85.5,active
58,2026-03-02T17:12:00Z,87,active
59,2026-03-02T17:12:00Z,88.5,active
60,2026-03-02T17:12:00Z,90,active
61,2026-03-02T17:12:00Z,91.5,active
62,2026-03-02T17:12:00Z,93,active
63,2026-03-02T17:12:00Z,94.5,active
64,2026-03-02T17:12:00Z,96,active
65,2026-03-02T17:12:00Z,97.5,active
66,2026-03-02T17:12:00Z,99,active
67,2026-03-02T17:12:00Z,100.5,active
68,2026-03-02T17:12:00Z,102,active
69,2026-03-02T17:12:00Z,103.5,active
70,2026-03-02T17:12:00Z,105,active
71,2026-03-02T17:12:00Z,106.5,active
72,2026-03-02T17:12:00Z,108,active
73,2026-03-02T17:12:00Z,109.5,active
74,2026-03-02T17:12:00Z,111,active
75,2026-03-02T17:12:00Z,112.5,active
76,2026-03-02T17:12:00Z,114,active
77,2026-03-02T17:12:00Z,115.5,active
78,2026-03-02T17:12:00Z,117,active
79,2026-03-02T17:12:00Z,118.5,active
80,2026-03-02T17:12:00Z,120,active
81,2026-03-02T17:12:00Z,121.5,active
82,2026-03-02T17:12:00Z,123,active
83,2026-03-02T17:12:00Z,124.5,active
84,2026-03-02T17:12:00Z,126,active
85,2026-03-02T17:12:00Z,127.5,active
86,2026-03-02T17:12:00Z,129,active
87,2026-03-02T17:12:00Z,130.5,active
88,2026-03-02T17:12:00Z,132,active
89,2026-03-02T17:12:00Z,133.5,active
90,2026-03-02T17:12:00Z,135,active
91,2026-03-02T17:12:00Z,136.5,active
92,2026-03-02T17:12:00Z,138,active
93,2026-03-02T17:12:00Z,139.5,active
94,2026-03-02T17:12:00Z,141,active
95,2026-03-02T17:12:00Z,142.5,active
96,2026-03-02T17:12:00Z,144,active
97,2026-03-02T17:12:00Z,145.5,active
98,2026-03-02T17:12:00Z,147,active
99,2026-03-02T17:12:00Z,148.5,active
100,2026-03-02T17:12:00Z,150,active
101,2026-03-02T17:12:00Z,151.5,active
102,2026-03-02T17:12:00Z,153,active
103,2026-03-02T17:12:00Z,154.5,active
104,2026-03-02T17:12:00Z,156,active
105,2026-03-02T17:12:00Z,157.5,active
106,2026-03-02T17:12:00Z,159,active
107,2026-03-02T17:12:00Z,160.5,active
108,2026-03-02T17:12:00Z,162,active
109,2026-03-02T17:12:00Z,163.5,active
110,2026-03-02T17:12:00Z,165,active
111,2026-03-02T17:12:00Z,166.5,active
112,2026-03-02T17:12:00Z,168,active
113,2026-03-02T17:12:00Z,169.5,active
114,2026-03-02T17:12:00Z,171,active
115,2026-03-02T17:12:00Z,172.5,active
116,2026-03-02T17:12:00Z,174,active
117,2026-03-02T17:12:00Z,175.5,active
118,2026-03-02T17:12:00Z,177,active
119,2026-03-02T17:12:00Z,178.5,active
120,2026-03-02T17:12:00Z,180,active
121,2026-03-02T17:12:00Z,181.5,active
122,2026-03-02T17:12:00Z,183,active
123,2026-03-02T17:12:00Z,184.5,active
124,2026-03-02T17:12:00Z,186,active
125,2026-03-02T17:12:00Z,187.5,active
126,2026-03-02T17:12:00Z,189,active
127,2026-03-02T17:12:00Z,190.5,active
128,2026-03-02T17:12:00Z,192,active
129,2026-03-02T17:12:00Z,193.5,active
130,2026-03-02T17:12:00Z,195,active
131,2026-03-02T17:12:00Z,196.5,active
132,2026-03-02T17:12:00Z,198,active
133,2026-03-02T17:12:00Z,199.5,active
134,2026-03-02T17:12:00Z,201,active
135,2026-03-02T17:12:00Z,202.5,active
136,2026-03-02T17:12:00Z,204,active
137,2026-03-02T17:12:00Z,205.5,active
138,2026-03-02T17:12:00Z,207,active
139,2026-03-02T17:12:00Z,208.5,active
140,2026-03-02T17:12:00Z,210,active
141,2026-03-02T17:12:00Z,211.5,active
142,2026-03-02T17:12:00Z,213,active
143,2026-03-02T17:12:00Z,214.5,active
144,2026-03-02T17:12:00Z,216,active
145,2026-03-02T17:12:00Z,217.5,active
146,2026-03-02T17:12:00Z,219,active
147,2026-03-02T17:12:00Z,220.5,active
148,2026-03-02T17:12:00Z,222,active
149,2026-03-02T17:12:00Z,223.5,active
150,2026-03-02T17:12:00Z,225,active
151,2026-03-02T17:12:00Z,226.5,active
152,2026-03-02T17:12:00Z,228,active
153,2026-03-02T17:12:00Z,229.5,active
154,2026-03-02T17:12:00Z,231,active
155,2026-03-02T17:12:00Z,232.5,active
156,2026-03-02T17:12:00Z,234,active
157,2026-03-02T17:12:00Z,235.5,active
158,2026-03-02T17:12:00Z,237,active
159,2026-03-02T17:12:00Z,238.5,active
160,2026-03-02T17:12:00Z,240,active
161,2026-03-02T17:12:00Z,241.5,active
162,2026-03-02T17:12:00Z,243,active
163,2026-03-02T17:12:00Z,244.5,active
164,2026-03-02T17:12:00Z,246,active
165,2026-03-02T17:12:00Z,247.5,active
166,2026-03-02T17:12:00Z,249,active
167,2026-03-02T17:12:00Z,250.5,active
168,2026-03-02T17:12:00Z,252,active
169,2026-03-02T17:12:00Z,253.5,active
170,2026-03-02T17:12:00Z,255,active
171,2026-03-02T17:12:00Z,256.5,active
172,2026-03-02T17:12:00Z,258,active
173,2026-03-02T17:12:00Z,259.5,active
174,2026-03-02T17:12:00Z,261,active
175,2026-03-02T17:12:00Z,262.5,active
176,2026-03-02T17:12:00Z,264,active
177,2026-03-02T17:12:00Z,265.5,active
178,2026-03-02T17:12:00Z,267,active
179,2026-03-02T17:12:00Z,268.5,active
180,2026-03-02T17:12:00Z,270,active
181,2026-03-02T17:12:00Z,271.5,active
182,2026-03-02T17:12:00Z,273,active
183,2026-03-02T17:12:00Z,274.5,active
184,2026-03-02T17:12:00Z,276,active
185,2026-03-02T17:12:00Z,277.5,active
186,2026-03-02T17:12:00Z,279,active
187,2026-03-02T17:12:00Z,280.5,active
188,2026-03-02T17:12:00Z,282,active
189,2026-03-02T17:12:00Z,283.5,active
190,2026-03-02T17:12:00Z,285,active
191,2026-03-02T17:12:00Z,286.5,active
192,2026-03-02T17:12:00Z,288,active
193,2026-03-02T17:12:00Z,289.5,active
194,2026-03-02T17:12:00Z,291,active
195,2026-03-02T17:12:00Z,292.5,active
196,2026-03-02T17:12:00Z,294,active
197,2026-03-02T17:12:00Z,295.5,active
198,2026-03-02T17:12:00Z,297,active
199,2026-03-02T17:12:00Z,298.5,active
200,2026-03-02T17:12:00Z,300,active
201,2026-03-02T17:12:00Z,301.5,active
202,2026-03-02T17:12:00Z,303,active
203,2026-03-02T17:12:00Z,304.5,active
204,2026-03-02T17:12:00Z,306,active
205,2026-03-02T17:12:00Z,307.5,active
206,2026-03-02T17:12:00Z,309,active
207,2026-03-02T17:12:00Z,310.5,active
208,2026-03-02T17:12:00Z,312,active
209,2026-03-02T17:12:00Z,313.5,active
210,2026-03-02T17:12:00Z,315,active
211,2026-03-02T17:12:00Z,316.5,active
212,2026-03-02T17:12:00Z,318,active
213,2026-03-02T17:12:00Z,319.5,active
214,2026-03-02T17:12:00Z,321,active
215,2026-03-02T17:12:00Z,322.5,active
216,2026-03-02T17:12:00Z,324,active
217,2026-03-02T17:12:00Z,325.5,active
218,2026-03-02T17:12:00Z,327,active
219,2026-03-02T17:12:00Z,328.5,active
220,2026-03-02T17:12:00Z,330,active
221,2026-03-02T17:12:00Z,331.5,active
222,2026-03-02T17:12:00Z,333,active
223,2026-03-02T17:12:00Z,334.5,active
224,2026-03-02T17:12:00Z,336,active
225,2026-03-02T17:12:00Z,337.5,active
226,2026-03-02T17:12:00Z,339,active
227,2026-03-02T17:12:00Z,340.5,active
228,2026-03-02T17:12:00Z,342,active
229,2026-03-02T17:12:00Z,343.5,active
230,2026-03-02T17:12:00Z,345,active
231,2026-03-02T17:12:00Z,346.5,active
232,2026-03-02T17:12:00Z,348,active
233,2026-03-02T17:12:00Z,349.5,active
234,2026-03-02T17:12:00Z,351,active
235,2026-03-02T17:12:00Z,352.5,active
236,2026-03-02T17:12:00Z,354,active
237,2026-03-02T17:12:00Z,355.5,active
238,2026-03-02T17:12:00Z,357,active
239,2026-03-02T17:12:00Z,358.5,active
240,2026-03-02T17:12:00Z,360,active
241,2026-03-02T17:12:00Z,361.5,active
242,2026-03-02T17:12:00Z,363,active
243,2026-03-02T17:12:00Z,364.5,active
244,2026-03-02T17:12:00Z,366,active
245,2026-03-02T17:12:00Z,367.5,active
246,2026-03-02T17:12:00Z,369,active
247,2026-03-02T17:12:00Z,370.5,active
248,2026-03-02T17:12:00Z,372,active
249,2026-03-02T17:12:00Z,373.5,active
250,2026-03-02T17:12:00Z,375,active
251,2026-03-02T17:12:00Z,376.5,active
252,2026-03-02T17:12:00Z,378,active
253,2026-03-02T17:12:00Z,379.5,active
254,2026-03-02T17:12:00Z,381,active
255,2026-03-02T17:12:00Z,382.5,active
256,2026-03-02T17:12:00Z,384,active
257,2026-03-02T17:12:00Z,385.5,active
258,2026-03-02T17:12:00Z,387,active
259,2026-03-02T17:12:00Z,388.5,active
260,2026-03-02T17:12:00Z,390,active
261,2026-03-02T17:12:00Z,391.5,active
262,2026-03-02T17:12:00Z,393,active
263,2026-03-02T17:12:00Z,394.5,active
264,2026-03-02T17:12:00Z,396,active
265,2026-03-02T17:12:00Z,397.5,active
266,2026-03-02T17:12:00Z,399,active
267,2026-03-02T17:12:00Z,400.5,active
268,2026-03-02T17:12:00Z,402,active
269,2026-03-02T17:12:00Z,403.5,active
270,2026-03-02T17:12:00Z,405,active
271,2026-03-02T17:12:00Z,406.5,active
272,2026-03-02T17:12:00Z,408,active
273,2026-03-02T17:12:00Z,409.5,active
274,2026-03-02T17:12:00Z,411,active
275,2026-03-02T17:12:00Z,412.5,active
276,2026-03-02T17:12:00Z,414,active
277,2026-03-02T17:12:00Z,415.5,active
278,2026-03-02T17:12:00Z,417,active
279,2026-03-02T17:12:00Z,418.5,active
280,2026-03-02T17:12:00Z,420,active
281,2026-03-02T17:12:00Z,421.5,active
282,2026-03-02T17:12:00Z,423,active
283,2026-03-02T17:12:00Z,424.5,active
284,2026-03-02T17:12:00Z,426,active
285,2026-03-02T17:12:00Z,427.5,active
286,2026-03-02T17:12:00Z,429,active
287,2026-03-02T17:12:00Z,430.5,active
288,2026-03-02T17:12:00Z,432,active
289,2026-03-02T17:12:00Z,433.5,active
290,2026-03-02T17:12:00Z,435,active
291,2026-03-02T17:12:00Z,436.5,active
292,2026-03-02T17:12:00Z,438,active
293,2026-03-02T17:12:00Z,439.5,active
294,2026-03-02T17:12:00Z,441,active
295,2026-03-02T17:12:00Z,442.5,active
296,2026-03-02T17:12:00Z,444,active
297,2026-03-02T17:12:00Z,445.5,active
298,2026-03-02T17:12:00Z,447,active
299,2026-03-02T17:12:00Z,448.5,active
300,2026-03-02T17:12:00Z,450,active
301,2026-03-02T17:12:00Z,451.5,active
302,2026-03-02T17:12:00Z,453,active
303,2026-03-02T17:12:00Z,454.5,active
304,2026-03-02T17:12:00Z,456,active
305,2026-03-02T17:12:00Z,457.5,active
306,2026-03-02T17:12:00Z,459,active
307,2026-03-02T17:12:00Z,460.5,active
308,2026-03-02T17:12:00Z,462,active
309,2026-03-02T17:12:00Z,463.5,active
310,2026-03-02T17:12:00Z,465,active
311,2026-03-02T17:12:00Z,466.5,active
312,2026-03-02T17:12:00Z,468,active
313,2026-03-02T17:12:00Z,469.5,active
314,2026-03-02T17:12:00Z,471,active
315,2026-03-02T17:12:00Z,472.5,active
316,2026-03-02T17:12:00Z,474,active
317,2026-03-02T17:12:00Z,475.5,active
318,2026-03-02T17:12:00Z,477,active
319,2026-03-02T17:12:00Z,478.5,active
320,2026-03-02T17:12:00Z,480,active
321,2026-03-02T17:12:00Z,481.5,active
322,2026-03-02T17:12:00Z,483,active
323,2026-03-02T17:12:00Z,484.5,active
324,2026-03-02T17:12:00Z,486,active
325,2026-03-02T17:12:00Z,487.5,active
326,2026-03-02T17:12:00Z,489,active
327,2026-03-02T17:12:00Z,490.5,active
328,2026-03-02T17:12:00Z,492,active
329,2026-03-02T17:12:00Z,493.5,active
330,2026-03-02T17:12:00Z,495,active
331,2026-03-02T17:12:00Z,496.5,active
332,2026-03-02T17:12:00Z,498,active
333,2026-03-02T17:12:00Z,499.5,active
334,2026-03-02T17:12:00Z,501,active
335,2026-03-02T17:12:00Z,502.5,active
336,2026-03-02T17:12:00Z,504,active
337,2026-03-02T17:12:00Z,505.5,active
338,2026-03-02T17:12:00Z,507,active
339,2026-03-02T17:12:00Z,508.5,active
340,2026-03-02T17:12:00Z,510,active
341,2026-03-02T17:12:00Z,511.5,active
342,2026-03-02T17:12:00Z,513,active
343,2026-03-02T17:12:00Z,514.5,active
344,2026-03-02T17:12:00Z,516,active
345,2026-03-02T17:12:00Z,517.5,active
346,2026-03-02T17:12:00Z,519,active
347,2026-03-02T17:12:00Z,520.5,active
348,2026-03-02T17:12:00Z,522,active
349,2026-03-02T17:12:00Z,523.5,active
350,2026-03-02T17:12:00Z,525,active
351,2026-03-02T17:12:00Z,526.5,active
352,2026-03-02T17:12:00Z,528,active
353,2026-03-02T17:12:00Z,529.5,active
354,2026-03-02T17:12:00Z,531,active
355,2026-03-02T17:12:00Z,532.5,active
356,2026-03-02T17:12:00Z,534,active
357,2026-03-02T17:12:00Z,535.5,active
358,2026-03-02T17:12:00Z,537,active
359,2026-03-02T17:12:00Z,538.5,active
360,2026-03-02T17:12:00Z,540,active
361,2026-03-02T17:12:00Z,541.5,active
362,2026-03-02T17:12:00Z,543,active
363,2026-03-02T17:12:00Z,544.5,active
364,2026-03-02T17:12:00Z,546,active
365,2026-03-02T17:12:00Z,547.5,active
366,2026-03-02T17:12:00Z,549,active
367,2026-03-02T17:12:00Z,550.5,active
368,2026-03-02T17:12:00Z,552,active
369,2026-03-02T17:12:00Z,553.5,active
370,2026-03-02T17:12:00Z,555,active
371,2026-03-02T17:12:00Z,556.5,active
372,2026-03-02T17:12:00Z,558,active
373,2026-03-02T17:12:00Z,559.5,active
374,2026-03-02T17:12:00Z,561,active
375,2026-03-02T17:12:00Z,562.5,active
376,2026-03-02T17:12:00Z,564,active
377,2026-03-02T17:12:00Z,565.5,active
378,2026-03-02T17:12:00Z,567,active
379,2026-03-02T17:12:00Z,568.5,active
380,2026-03-02T17:12:00Z,570,active
381,2026-03-02T17:12:00Z,571.5,active
382,2026-03-02T17:12:00Z,573,active
383,2026-03-02T17:12:00Z,574.5,active
384,2026-03-02T17:12:00Z,576,active
385,2026-03-02T17:12:00Z,577.5,active
386,2026-03-02T17:12:00Z,579,active
387,2026-03-02T17:12:00Z,580.5,active
388,2026-03-02T17:12:00Z,582,active
389,2026-03-02T17:12:00Z,583.5,active
390,2026-03-02T17:12:00Z,585,active
391,2026-03-02T17:12:00Z,586.5,active
392,2026-03-02T17:12:00Z,588,active
393,2026-03-02T17:12:00Z,589.5,active
394,2026-03-02T17:12:00Z,591,active
395,2026-03-02T17:12:00Z,592.5,active
396,2026-03-02T17:12:00Z,594,active
397,2026-03-02T17:12:00Z,595.5,active
398,2026-03-02T17:12:00Z,597,active
399,2026-03-02T17:12:00Z,598.5,active
400,2026-03-02T17:12:00Z,600,active
401,2026-03-02T17:12:00Z,601.5,active
402,2026-03-02T17:12:00Z,603,active
403,2026-03-02T17:12:00Z,604.5,active
404,2026-03-02T17:12:00Z,606,active
405,2026-03-02T17:12:00Z,607.5,active
406,2026-03-02T17:12:00Z,609,active
407,2026-03-02T17:12:00Z,610.5,active
408,2026-03-02T17:12:00Z,612,active
409,2026-03-02T17:12:00Z,613.5,active
410,2026-03-02T17:12:00Z,615,active
411,2026-03-02T17:12:00Z,616.5,active
412,2026-03-02T17:12:00Z,618,active
413,2026-03-02T17:12:00Z,619.5,active
414,2026-03-02T17:12:00Z,621,active
415,2026-03-02T17:12:00Z,622.5,active
416,2026-03-02T17:12:00Z,624,active
417,2026-03-02T17:12:00Z,625.5,active
418,2026-03-02T17:12:00Z,627,active
419,2026-03-02T17:12:00Z,628.5,active
420,2026-03-02T17:12:00Z,630,active
421,2026-03-02T17:12:00Z,631.5,active
422,2026-03-02T17:12:00Z,633,active
423,2026-03-02T17:12:00Z,634.5,active
424,2026-03-02T17:12:00Z,636,active
425,2026-03-02T17:12:00Z,637.5,active
426,2026-03-02T17:12:00Z,639,active
427,2026-03-02T17:12:00Z,640.5,active
428,2026-03-02T17:12:00Z,642,active
429,2026-03-02T17:12:00Z,643.5,active
430,2026-03-02T17:12:00Z,645,active
431,2026-03-02T17:12:00Z,646.5,active
432,2026-03-02T17:12:00Z,648,active
433,2026-03-02T17:12:00Z,649.5,active
434,2026-03-02T17:12:00Z,651,active
435,2026-03-02T17:12:00Z,652.5,active
436,2026-03-02T17:12:00Z,654,active
437,2026-03-02T17:12:00Z,655.5,active
438,2026-03-02T17:12:00Z,657,active
439,2026-03-02T17:12:00Z,658.5,active
440,2026-03-02T17:12:00Z,660,active
441,2026-03-02T17:12:00Z,661.5,active
442,2026-03-02T17:12:00Z,663,active
443,2026-03-02T17:12:00Z,664.5,active
444,2026-03-02T17:12:00Z,666,active
445,2026-03-02T17:12:00Z,667.5,active
446,2026-03-02T17:12:00Z,669,active
447,2026-03-02T17:12:00Z,670.5,active
448,2026-03-02T17:12:00Z,672,active
449,2026-03-02T17:12:00Z,673.5,active
450,2026-03-02T17:12:00Z,675,active
451,2026-03-02T17:12:00Z,676.5,active
452,2026-03-02T17:12:00Z,678,active
453,2026-03-02T17:12:00Z,679.5,active
454,2026-03-02T17:12:00Z,681,active
455,2026-03-02T17:12:00Z,682.5,active
456,2026-03-02T17:12:00Z,684,active
457,2026-03-02T17:12:00Z,685.5,active
458,2026-03-02T17:12:00Z,687,active
459,2026-03-02T17:12:00Z,688.5,active
460,2026-03-02T17:12:00Z,690,active
461,2026-03-02T17:12:00Z,691.5,active
462,2026-03-02T17:12:00Z,693,active
463,2026-03-02T17:12:00Z,694.5,active
464,2026-03-02T17:12:00Z,696,active
465,2026-03-02T17:12:00Z,697.5,active
466,2026-03-02T17:12:00Z,699,active
467,2026-03-02T17:12:00Z,700.5,active
468,2026-03-02T17:12:00Z,702,active
469,2026-03-02T17:12:00Z,703.5,active
470,2026-03-02T17:12:00Z,705,active
471,2026-03-02T17:12:00Z,706.5,active
472,2026-03-02T17:12:00Z,708,active
473,2026-03-02T17:12:00Z,709.5,active
474,2026-03-02T17:12:00Z,711,active
475,2026-03-02T17:12:00Z,712.5,active
476,2026-03-02T17:12:00Z,714,active
477,2026-03-02T17:12:00Z,715.5,active
478,2026-03-02T17:12:00Z,717,active
479,2026-03-02T17:12:00Z,718.5,active
480,2026-03-02T17:12:00Z,720,active
481,2026-03-02T17:12:00Z,721.5,active
482,2026-03-02T17:12:00Z,723,active
483,2026-03-02T17:12:00Z,724.5,active
484,2026-03-02T17:12:00Z,726,active
485,2026-03-02T17:12:00Z,727.5,active
486,2026-03-02T17:12:00Z,729,active
487,2026-03-02T17:12:00Z,730.5,active
488,2026-03-02T17:12:00Z,732,active
489,2026-03-02T17:12:00Z,733.5,active
490,2026-03-02T17:12:00Z,735,active
491,2026-03-02T17:12:00Z,736.5,active
492,2026-03-02T17:12:00Z,738,active
493,2026-03-02T17:12:00Z,739.5,active
494,2026-03-02T17:12:00Z,741,active
495,2026-03-02T17:12:00Z,742.5,active
496,2026-03-02T17:12:00Z,744,active
497,2026-03-02T17:12:00Z,745.5,active
498,2026-03-02T17:12:00Z,747,active
499,2026-03-02T17:12:00Z,748.5,active
500,2026-03-02T17:12:00Z,750,active
501,2026-03-02T17:12:00Z,751.5,active
502,2026-03-02T17:12:00Z,753,active
503,2026-03-02T17:12:00Z,754.5,active
504,2026-03-02T17:12:00Z,756,active
505,2026-03-02T17:12:00Z,757.5,active
506,2026-03-02T17:12:00Z,759,active
507,2026-03-02T17:12:00Z,760.5,active
508,2026-03-02T17:12:00Z,762,active
509,2026-03-02T17:12:00Z,763.5,active
510,2026-03-02T17:12:00Z,765,active
511,2026-03-02T17:12:00Z,766.5,active
512,2026-03-02T17:12:00Z,768,active
513,2026-03-02T17:12:00Z,769.5,active
514,2026-03-02T17:12:00Z,771,active
515,2026-03-02T17:12:00Z,772.5,active
516,2026-03-02T17:12:00Z,774,active
517,2026-03-02T17:12:00Z,775.5,active
518,2026-03-02T17:12:00Z,777,active
519,2026-03-02T17:12:00Z,778.5,active
520,2026-03-02T17:12:00Z,780,active
521,2026-03-02T17:12:00Z,781.5,active
522,2026-03-02T17:12:00Z,783,active
523,2026-03-02T17:12:00Z,784.5,active
524,2026-03-02T17:12:00Z,786,active
525,2026-03-02T17:12:00Z,787.5,active
526,2026-03-02T17:12:00Z,789,active
527,2026-03-02T17:12:00Z,790.5,active
528,2026-03-02T17:12:00Z,792,active
529,2026-03-02T17:12:00Z,793.5,active
530,2026-03-02T17:12:00Z,795,active
531,2026-03-02T17:12:00Z,796.5,active
532,2026-03-02T17:12:00Z,798,active
533,2026-03-02T17:12:00Z,799.5,active
534,2026-03-02T17:12:00Z,801,active
535,2026-03-02T17:12:00Z,802.5,active
536,2026-03-02T17:12:00Z,804,active
537,2026-03-02T17:12:00Z,805.5,active
538,2026-03-02T17:12:00Z,807,active
539,2026-03-02T17:12:00Z,808.5,active
540,2026-03-02T17:12:00Z,810,active
541,2026-03-02T17:12:00Z,811.5,active
542,2026-03-02T17:12:00Z,813,active
543,2026-03-02T17:12:00Z,814.5,active
544,2026-03-02T17:12:00Z,816,active
545,2026-03-02T17:12:00Z,817.5,active
546,2026-03-02T17:12:00Z,819,active
547,2026-03-02T17:12:00Z,820.5,active
548,2026-03-02T17:12:00Z,822,active
549,2026-03-02T17:12:00Z,823.5,active
550,2026-03-02T17:12:00Z,825,active
551,2026-03-02T17:12:00Z,826.5,active
552,2026-03-02T17:12:00Z,828,active
553,2026-03-02T17:12:00Z,829.5,active
554,2026-03-02T17:12:00Z,831,active
555,2026-03-02T17:12:00Z,832.5,active
556,2026-03-02T17:12:00Z,834,active
557,2026-03-02T17:12:00Z,835.5,active
558,2026-03-02T17:12:00Z,837,active
559,2026-03-02T17:12:00Z,838.5,active
560,2026-03-02T17:12:00Z,840,active
561,2026-03-02T17:12:00Z,841.5,active
562,2026-03-02T17:12:00Z,843,active
563,2026-03-02T17:12:00Z,844.5,active
564,2026-03-02T17:12:00Z,846,active
565,2026-03-02T17:12:00Z,847.5,active
566,2026-03-02T17:12:00Z,849,active
567,2026-03-02T17:12:00Z,850.5,active
568,2026-03-02T17:12:00Z,852,active
569,2026-03-02T17:12:00Z,853.5,active
570,2026-03-02T17:12:00Z,855,active
571,2026-03-02T17:12:00Z,856.5,active
572,2026-03-02T17:12:00Z,858,active
573,2026-03-02T17:12:00Z,859.5,active
574,2026-03-02T17:12:00Z,861,active
575,2026-03-02T17:12:00Z,862.5,active
576,2026-03-02T17:12:00Z,864,active
577,2026-03-02T17:12:00Z,865.5,active
578,2026-03-02T17:12:00Z,867,active
579,2026-03-02T17:12:00Z,868.5,active
580,2026-03-02T17:12:00Z,870,active
581,2026-03-02T17:12:00Z,871.5,active
582,2026-03-02T17:12:00Z,873,active
583,2026-03-02T17:12:00Z,874.5,active
584,2026-03-02T17:12:00Z,876,active
585,2026-03-02T17:12:00Z,877.5,active
586,2026-03-02T17:12:00Z,879,active
587,2026-03-02T17:12:00Z,880.5,active
588,2026-03-02T17:12:00Z,882,active
589,2026-03-02T17:12:00Z,883.5,active
590,2026-03-02T17:12:00Z,885,active
591,2026-03-02T17:12:00Z,886.5,active
592,2026-03-02T17:12:00Z,888,active
593,2026-03-02T17:12:00Z,889.5,active
594,2026-03-02T17:12:00Z,891,active
595,2026-03-02T17:12:00Z,892.5,active
596,2026-03-02T17:12:00Z,894,active
597,2026-03-02T17:12:00Z,895.5,active
598,2026-03-02T17:12:00Z,897,active
599,2026-03-02T17:12:00Z,898.5,active
600,2026-03-02T17:12:00Z,900,active
601,2026-03-02T17:12:00Z,901.5,active
602,2026-03-02T17:12:00Z,903,active
603,2026-03-02T17:12:00Z,904.5,active
604,2026-03-02T17:12:00Z,906,active
605,2026-03-02T17:12:00Z,907.5,active
606,2026-03-02T17:12:00Z,909,active
607,2026-03-02T17:12:00Z,910.5,active
608,2026-03-02T17:12:00Z,912,active
609,2026-03-02T17:12:00Z,913.5,active
610,2026-03-02T17:12:00Z,915,active
611,2026-03-02T17:12:00Z,916.5,active
612,2026-03-02T17:12:00Z,918,active
613,2026-03-02T17:12:00Z,919.5,active
614,2026-03-02T17:12:00Z,921,active
615,2026-03-02T17:12:00Z,922.5,active
616,2026-03-02T17:12:00Z,924,active
617,2026-03-02T17:12:00Z,925.5,active
618,2026-03-02T17:12:00Z,927,active
619,2026-03-02T17:12:00Z,928.5,active
620,2026-03-02T17:12:00Z,930,active
621,2026-03-02T17:12:00Z,931.5,active
622,2026-03-02T17:12:00Z,933,active
623,2026-03-02T17:12:00Z,934.5,active
624,2026-03-02T17:12:00Z,936,active
625,2026-03-02T17:12:00Z,937.5,active
626,2026-03-02T17:12:00Z,939,active
627,2026-03-02T17:12:00Z,940.5,active
628,2026-03-02T17:12:00Z,942,active
629,2026-03-02T17:12:00Z,943.5,active
630,2026-03-02T17:12:00Z,945,active
631,2026-03-02T17:12:00Z,946.5,active
632,2026-03-02T17:12:00Z,948,active
633,2026-03-02T17:12:00Z,949.5,active
634,2026-03-02T17:12:00Z,951,active
635,2026-03-02T17:12:00Z,952.5,active
636,2026-03-02T17:12:00Z,954,active
637,2026-03-02T17:12:00Z,955.5,active
638,2026-03-02T17:12:00Z,957,active
639,2026-03-02T17:12:00Z,958.5,active
640,2026-03-02T17:12:00Z,960,active
641,2026-03-02T17:12:00Z,961.5,active
642,2026-03-02T17:12:00Z,963,active
643,2026-03-02T17:12:00Z,964.5,active
644,2026-03-02T17:12:00Z,966,active
645,2026-03-02T17:12:00Z,967.5,active
646,2026-03-02T17:12:00Z,969,active
647,2026-03-02T17:12:00Z,970.5,active
648,2026-03-02T17:12:00Z,972,active
649,2026-03-02T17:12:00Z,973.5,active
650,2026-03-02T17:12:00Z,975,active
651,2026-03-02T17:12:00Z,976.5,active
652,2026-03-02T17:12:00Z,978,active
653,2026-03-02T17:12:00Z,979.5,active
654,2026-03-02T17:12:00Z,981,active
655,2026-03-02T17:12:00Z,982.5,active
656,2026-03-02T17:12:00Z,984,active
657,2026-03-02T17:12:00Z,985.5,active
658,2026-03-02T17:12:00Z,987,active
659,2026-03-02T17:12:00Z,988.5,active
660,2026-03-02T17:12:00Z,990,active
661,2026-03-02T17:12:00Z,991.5,active
662,2026-03-02T17:12:00Z,993,active
663,2026-03-02T17:12:00Z,994.5,active
664,2026-03-02T17:12:00Z,996,active
665,2026-03-02T17:12:00Z,997.5,active
666,2026-03-02T17:12:00Z,999,active
667,2026-03-02T17:12:00Z,1000.5,active
668,2026-03-02T17:12:00Z,1002,active
669,2026-03-02T17:12:00Z,1003.5,active
670,2026-03-02T17:12:00Z,1005,active
671,2026-03-02T17:12:00Z,1006.5,active
672,2026-03-02T17:12:00Z,1008,active
673,2026-03-02T17:12:00Z,1009.5,active
674,2026-03-02T17:12:00Z,1011,active
675,2026-03-02T17:12:00Z,1012.5,active
676,2026-03-02T17:12:00Z,1014,active
677,2026-03-02T17:12:00Z,1015.5,active
678,2026-03-02T17:12:00Z,1017,active
679,2026-03-02T17:12:00Z,1018.5,active
680,2026-03-02T17:12:00Z,1020,active
681,2026-03-02T17:12:00Z,1021.5,active
682,2026-03-02T17:12:00Z,1023,active
683,2026-03-02T17:12:00Z,1024.5,active
684,2026-03-02T17:12:00Z,1026,active
685,2026-03-02T17:12:00Z,1027.5,active
686,2026-03-02T17:12:00Z,1029,active
687,2026-03-02T17:12:00Z,1030.5,active
688,2026-03-02T17:12:00Z,1032,active
689,2026-03-02T17:12:00Z,1033.5,active
690,2026-03-02T17:12:00Z,1035,active
691,2026-03-02T17:12:00Z,1036.5,active
692,2026-03-02T17:12:00Z,1038,active
693,2026-03-02T17:12:00Z,1039.5,active
694,2026-03-02T17:12:00Z,1041,active
695,2026-03-02T17:12:00Z,1042.5,active
696,2026-03-02T17:12:00Z,1044,active
697,2026-03-02T17:12:00Z,1045.5,active
698,2026-03-02T17:12:00Z,1047,active
699,2026-03-02T17:12:00Z,1048.5,active
700,2026-03-02T17:12:00Z,1050,active
701,2026-03-02T17:12:00Z,1051.5,active
702,2026-03-02T17:12:00Z,1053,active
703,2026-03-02T17:12:00Z,1054.5,active
704,2026-03-02T17:12:00Z,1056,active
705,2026-03-02T17:12:00Z,1057.5,active
706,2026-03-02T17:12:00Z,1059,active
707,2026-03-02T17:12:00Z,1060.5,active
708,2026-03-02T17:12:00Z,1062,active
709,2026-03-02T17:12:00Z,1063.5,active
710,2026-03-02T17:12:00Z,1065,active
711,2026-03-02T17:12:00Z,1066.5,active
712,2026-03-02T17:12:00Z,1068,active
713,2026-03-02T17:12:00Z,1069.5,active
714,2026-03-02T17:12:00Z,1071,active
715,2026-03-02T17:12:00Z,1072.5,active
716,2026-03-02T17:12:00Z,1074,active
717,2026-03-02T17:12:00Z,1075.5,active
718,2026-03-02T17:12:00Z,1077,active
719,2026-03-02T17:12:00Z,1078.5,active
720,2026-03-02T17:12:00Z,1080,active
721,2026-03-02T17:12:00Z,1081.5,active
722,2026-03-02T17:12:00Z,1083,active
723,2026-03-02T17:12:00Z,1084.5,active
724,2026-03-02T17:12:00Z,1086,active
725,2026-03-02T17:12:00Z,1087.5,active
726,2026-03-02T17:12:00Z,1089,active
727,2026-03-02T17:12:00Z,1090.5,active
728,2026-03-02T17:12:00Z,1092,active
729,2026-03-02T17:12:00Z,1093.5,active
730,2026-03-02T17:12:00Z,1095,active
731,2026-03-02T17:12:00Z,1096.5,active
732,2026-03-02T17:12:00Z,1098,active
733,2026-03-02T17:12:00Z,1099.5,active
734,2026-03-02T17:12:00Z,1101,active
735,2026-03-02T17:12:00Z,1102.5,active
736,2026-03-02T17:12:00Z,1104,active
737,2026-03-02T17:12:00Z,1105.5,active
738,2026-03-02T17:12:00Z,1107,active
739,2026-03-02T17:12:00Z,1108.5,active
740,2026-03-02T17:12:00Z,1110,active
741,2026-03-02T17:12:00Z,1111.5,active
742,2026-03-02T17:12:00Z,1113,active
743,2026-03-02T17:12:00Z,1114.5,active
744,2026-03-02T17:12:00Z,1116,active
745,2026-03-02T17:12:00Z,1117.5,active
746,2026-03-02T17:12:00Z,1119,active
747,2026-03-02T17:12:00Z,1120.5,active
748,2026-03-02T17:12:00Z,1122,active
749,2026-03-02T17:12:00Z,1123.5,active
750,2026-03-02T17:12:00Z,1125,active
751,2026-03-02T17:12:00Z,1126.5,active
752,2026-03-02T17:12:00Z,1128,active
753,2026-03-02T17:12:00Z,1129.5,active
754,2026-03-02T17:12:00Z,1131,active
755,2026-03-02T17:12:00Z,1132.5,active
756,2026-03-02T17:12:00Z,1134,active
757,2026-03-02T17:12:00Z,1135.5,active
758,2026-03-02T17:12:00Z,1137,active
759,2026-03-02T17:12:00Z,1138.5,active
760,2026-03-02T17:12:00Z,1140,active
761,2026-03-02T17:12:00Z,1141.5,active
762,2026-03-02T17:12:00Z,1143,active
763,2026-03-02T17:12:00Z,1144.5,active
764,2026-03-02T17:12:00Z,1146,active
765,2026-03-02T17:12:00Z,1147.5,active
766,2026-03-02T17:12:00Z,1149,active
767,2026-03-02T17:12:00Z,1150.5,active
768,2026-03-02T17:12:00Z,1152,active
769,2026-03-02T17:12:00Z,1153.5,active
770,2026-03-02T17:12:00Z,1155,active
771,2026-03-02T17:12:00Z,1156.5,active
772,2026-03-02T17:12:00Z,1158,active
773,2026-03-02T17:12:00Z,1159.5,active
774,2026-03-02T17:12:00Z,1161,active
775,2026-03-02T17:12:00Z,1162.5,active
776,2026-03-02T17:12:00Z,1164,active
777,2026-03-02T17:12:00Z,1165.5,active
778,2026-03-02T17:12:00Z,1167,active
779,2026-03-02T17:12:00Z,1168.5,active
780,2026-03-02T17:12:00Z,1170,active
781,2026-03-02T17:12:00Z,1171.5,active
782,2026-03-02T17:12:00Z,1173,active
783,2026-03-02T17:12:00Z,1174.5,active
784,2026-03-02T17:12:00Z,1176,active
785,2026-03-02T17:12:00Z,1177.5,active
786,2026-03-02T17:12:00Z,1179,active
787,2026-03-02T17:12:00Z,1180.5,active
788,2026-03-02T17:12:00Z,1182,active
789,2026-03-02T17:12:00Z,1183.5,active
790,2026-03-02T17:12:00Z,1185,active
791,2026-03-02T17:12:00Z,1186.5,active
792,2026-03-02T17:12:00Z,1188,active
793,2026-03-02T17:12:00Z,1189.5,active
794,2026-03-02T17:12:00Z,1191,active
795,2026-03-02T17:12:00Z,1192.5,active
796,2026-03-02T17:12:00Z,1194,active
797,2026-03-02T17:12:00Z,1195.5,active
798,2026-03-02T17:12:00Z,1197,active
799,2026-03-02T17:12:00Z,1198.5,active
800,2026-03-02T17:12:00Z,1200,active
801,2026-03-02T17:12:00Z,1201.5,active
802,2026-03-02T17:12:00Z,1203,active
803,2026-03-02T17:12:00Z,1204.5,active
804,2026-03-02T17:12:00Z,1206,active
805,2026-03-02T17:12:00Z,1207.5,active
806,2026-03-02T17:12:00Z,1209,active
807,2026-03-02T17:12:00Z,1210.5,active
808,2026-03-02T17:12:00Z,1212,active
809,2026-03-02T17:12:00Z,1213.5,active
810,2026-03-02T17:12:00Z,1215,active
811,2026-03-02T17:12:00Z,1216.5,active
812,2026-03-02T17:12:00Z,1218,active
813,2026-03-02T17:12:00Z,1219.5,active
814,2026-03-02T17:12:00Z,1221,active
815,2026-03-02T17:12:00Z,1222.5,active
816,2026-03-02T17:12:00Z,1224,active
817,2026-03-02T17:12:00Z,1225.5,active
818,2026-03-02T17:12:00Z,1227,active
819,2026-03-02T17:12:00Z,1228.5,active
820,2026-03-02T17:12:00Z,1230,active
821,2026-03-02T17:12:00Z,1231.5,active
822,2026-03-02T17:12:00Z,1233,active
823,2026-03-02T17:12:00Z,1234.5,active
824,2026-03-02T17:12:00Z,1236,active
825,2026-03-02T17:12:00Z,1237.5,active
826,2026-03-02T17:12:00Z,1239,active
827,2026-03-02T17:12:00Z,1240.5,active
828,2026-03-02T17:12:00Z,1242,active
829,2026-03-02T17:12:00Z,1243.5,active
830,2026-03-02T17:12:00Z,1245,active
831,2026-03-02T17:12:00Z,1246.5,active
832,2026-03-02T17:12:00Z,1248,active
833,2026-03-02T17:12:00Z,1249.5,active
834,2026-03-02T17:12:00Z,1251,active
835,2026-03-02T17:12:00Z,1252.5,active
836,2026-03-02T17:12:00Z,1254,active
837,2026-03-02T17:12:00Z,1255.5,active
838,2026-03-02T17:12:00Z,1257,active
839,2026-03-02T17:12:00Z,1258.5,active
840,2026-03-02T17:12:00Z,1260,active
841,2026-03-02T17:12:00Z,1261.5,active
842,2026-03-02T17:12:00Z,1263,active
843,2026-03-02T17:12:00Z,1264.5,active
844,2026-03-02T17:12:00Z,1266,active
845,2026-03-02T17:12:00Z,1267.5,active
846,2026-03-02T17:12:00Z,1269,active
847,2026-03-02T17:12:00Z,1270.5,active
848,2026-03-02T17:12:00Z,1272,active
849,2026-03-02T17:12:00Z,1273.5,active
850,2026-03-02T17:12:00Z,1275,active
851,2026-03-02T17:12:00Z,1276.5,active
852,2026-03-02T17:12:00Z,1278,active
853,2026-03-02T17:12:00Z,1279.5,active
854,2026-03-02T17:12:00Z,1281,active
855,2026-03-02T17:12:00Z,1282.5,active
856,2026-03-02T17:12:00Z,1284,active
857,2026-03-02T17:12:00Z,1285.5,active
858,2026-03-02T17:12:00Z,1287,active
859,2026-03-02T17:12:00Z,1288.5,active
860,2026-03-02T17:12:00Z,1290,active
861,2026-03-02T17:12:00Z,1291.5,active
862,2026-03-02T17:12:00Z,1293,active
863,2026-03-02T17:12:00Z,1294.5,active
864,2026-03-02T17:12:00Z,1296,active
865,2026-03-02T17:12:00Z,1297.5,active
866,2026-03-02T17:12:00Z,1299,active
867,2026-03-02T17:12:00Z,1300.5,active
868,2026-03-02T17:12:00Z,1302,active
869,2026-03-02T17:12:00Z,1303.5,active
870,2026-03-02T17:12:00Z,1305,active
871,2026-03-02T17:12:00Z,1306.5,active
872,2026-03-02T17:12:00Z,1308,active
873,2026-03-02T17:12:00Z,1309.5,active
874,2026-03-02T17:12:00Z,1311,active
875,2026-03-02T17:12:00Z,1312.5,active
876,2026-03-02T17:12:00Z,1314,active
877,2026-03-02T17:12:00Z,1315.5,active
878,2026-03-02T17:12:00Z,1317,active
879,2026-03-02T17:12:00Z,1318.5,active
880,2026-03-02T17:12:00Z,1320,active
881,2026-03-02T17:12:00Z,1321.5,active
882,2026-03-02T17:12:00Z,1323,active
883,2026-03-02T17:12:00Z,1324.5,active
884,2026-03-02T17:12:00Z,1326,active
885,2026-03-02T17:12:00Z,1327.5,active
886,2026-03-02T17:12:00Z,1329,active
887,2026-03-02T17:12:00Z,1330.5,active
888,2026-03-02T17:12:00Z,1332,active
889,2026-03-02T17:12:00Z,1333.5,active
890,2026-03-02T17:12:00Z,1335,active
891,2026-03-02T17:12:00Z,1336.5,active
892,2026-03-02T17:12:00Z,1338,active
893,2026-03-02T17:12:00Z,1339.5,active
894,2026-03-02T17:12:00Z,1341,active
895,2026-03-02T17:12:00Z,1342.5,active
896,2026-03-02T17:12:00Z,1344,active
897,2026-03-02T17:12:00Z,1345.5,active
898,2026-03-02T17:12:00Z,1347,active
899,2026-03-02T17:12:00Z,1348.5,active
900,2026-03-02T17:12:00Z,1350,active
901,2026-03-02T17:12:00Z,1351.5,active
902,2026-03-02T17:12:00Z,1353,active
903,2026-03-02T17:12:00Z,1354.5,active
904,2026-03-02T17:12:00Z,1356,active
905,2026-03-02T17:12:00Z,1357.5,active
906,2026-03-02T17:12:00Z,1359,active
907,2026-03-02T17:12:00Z,1360.5,active
908,2026-03-02T17:12:00Z,1362,active
909,2026-03-02T17:12:00Z,1363.5,active
910,2026-03-02T17:12:00Z,1365,active
911,2026-03-02T17:12:00Z,1366.5,active
912,2026-03-02T17:12:00Z,1368,active
913,2026-03-02T17:12:00Z,1369.5,active
914,2026-03-02T17:12:00Z,1371,active
915,2026-03-02T17:12:00Z,1372.5,active
916,2026-03-02T17:12:00Z,1374,active
917,2026-03-02T17:12:00Z,1375.5,active
918,2026-03-02T17:12:00Z,1377,active
919,2026-03-02T17:12:00Z,1378.5,active
920,2026-03-02T17:12:00Z,1380,active
921,2026-03-02T17:12:00Z,1381.5,active
922,2026-03-02T17:12:00Z,1383,active
923,2026-03-02T17:12:00Z,1384.5,active
924,2026-03-02T17:12:00Z,1386,active
925,2026-03-02T17:12:00Z,1387.5,active
926,2026-03-02T17:12:00Z,1389,active
927,2026-03-02T17:12:00Z,1390.5,active
928,2026-03-02T17:12:00Z,1392,active
929,2026-03-02T17:12:00Z,1393.5,active
930,2026-03-02T17:12:00Z,1395,active
931,2026-03-02T17:12:00Z,1396.5,active
932,2026-03-02T17:12:00Z,1398,active
933,2026-03-02T17:12:00Z,1399.5,active
934,2026-03-02T17:12:00Z,1401,active
935,2026-03-02T17:12:00Z,1402.5,active
936,2026-03-02T17:12:00Z,1404,active
937,2026-03-02T17:12:00Z,1405.5,active
938,2026-03-02T17:12:00Z,1407,active
939,2026-03-02T17:12:00Z,1408.5,active
940,2026-03-02T17:12:00Z,1410,active
941,2026-03-02T17:12:00Z,1411.5,active
942,2026-03-02T17:12:00Z,1413,active
943,2026-03-02T17:12:00Z,1414.5,active
944,2026-03-02T17:12:00Z,1416,active
945,2026-03-02T17:12:00Z,1417.5,active
946,2026-03-02T17:12:00Z,1419,active
947,2026-03-02T17:12:00Z,1420.5,active
948,2026-03-02T17:12:00Z,1422,active
949,2026-03-02T17:12:00Z,1423.5,active
950,2026-03-02T17:12:00Z,1425,active
951,2026-03-02T17:12:00Z,1426.5,active
952,2026-03-02T17:12:00Z,1428,active
953,2026-03-02T17:12:00Z,1429.5,active
954,2026-03-02T17:12:00Z,1431,active
955,2026-03-02T17:12:00Z,1432.5,active
956,2026-03-02T17:12:00Z,1434,active
957,2026-03-02T17:12:00Z,1435.5,active
958,2026-03-02T17:12:00Z,1437,active
959,2026-03-02T17:12:00Z,1438.5,active
960,2026-03-02T17:12:00Z,1440,active
961,2026-03-02T17:12:00Z,1441.5,active
962,2026-03-02T17:12:00Z,1443,active
963,2026-03-02T17:12:00Z,1444.5,active
964,2026-03-02T17:12:00Z,1446,active
965,2026-03-02T17:12:00Z,1447.5,active
966,2026-03-02T17:12:00Z,1449,active
967,2026-03-02T17:12:00Z,1450.5,active
968,2026-03-02T17:12:00Z,1452,active
969,2026-03-02T17:12:00Z,1453.5,active
970,2026-03-02T17:12:00Z,1455,active
971,2026-03-02T17:12:00Z,1456.5,active
972,2026-03-02T17:12:00Z,1458,active
973,2026-03-02T17:12:00Z,1459.5,active
974,2026-03-02T17:12:00Z,1461,active
975,2026-03-02T17:12:00Z,1462.5,active
976,2026-03-02T17:12:00Z,1464,active
977,2026-03-02T17:12:00Z,1465.5,active
978,2026-03-02T17:12:00Z,1467,active
979,2026-03-02T17:12:00Z,1468.5,active
980,2026-03-02T17:12:00Z,1470,active
981,2026-03-02T17:12:00Z,1471.5,active
982,2026-03-02T17:12:00Z,1473,active
983,2026-03-02T17:12:00Z,1474.5,active
984,2026-03-02T17:12:00Z,1476,active
985,2026-03-02T17:12:00Z,1477.5,active
986,2026-03-02T17:12:00Z,1479,active
987,2026-03-02T17:12:00Z,1480.5,active
988,2026-03-02T17:12:00Z,1482,active
989,2026-03-02T17:12:00Z,1483.5,active
990,2026-03-02T17:12:00Z,1485,active
991,2026-03-02T17:12:00Z,1486.5,active
992,2026-03-02T17:12:00Z,1488,active
993,2026-03-02T17:12:00Z,1489.5,active
994,2026-03-02T17:12:00Z,1491,active
995,2026-03-02T17:12:00Z,1492.5,active
996,2026-03-02T17:12:00Z,1494,active
997,2026-03-02T17:12:00Z,1495.5,active
998,2026-03-02T17:12:00Z,1497,active
999,2026-03-02T17:12:00Z,1498.5,active
1000,2026-03-02T17:12:00Z,1500,active
