id,timestamp,user_id,action,value,status
0,1704067200,0,login,0,success
1,1704067260,1,logout,7,pending
2,1704067320,2,view,14,pending
3,1704067380,3,edit,21,success
4,1704067440,4,delete,28,pending
5,1704067500,5,login,35,pending
6,1704067560,6,logout,42,success
7,1704067620,7,view,49,pending
8,1704067680,8,edit,56,pending
9,1704067740,9,delete,63,success
10,1704067800,10,login,70,pending
11,1704067860,11,logout,77,pending
12,1704067920,12,view,84,success
13,1704067980,13,edit,91,pending
14,1704068040,14,delete,98,pending
15,1704068100,15,login,105,success
16,1704068160,16,logout,112,pending
17,1704068220,17,view,119,pending
18,1704068280,18,edit,126,success
19,1704068340,19,delete,133,pending
20,1704068400,20,login,140,pending
21,1704068460,21,logout,147,success
22,1704068520,22,view,154,pending
23,1704068580,23,edit,161,pending
24,1704068640,24,delete,168,success
25,1704068700,25,login,175,pending
26,1704068760,26,logout,182,pending
27,1704068820,27,view,189,success
28,1704068880,28,edit,196,pending
29,1704068940,29,delete,203,pending
30,1704069000,30,login,210,success
31,1704069060,31,logout,217,pending
32,1704069120,32,view,224,pending
33,1704069180,33,edit,231,success
34,1704069240,34,delete,238,pending
35,1704069300,35,login,245,pending
36,1704069360,36,logout,252,success
37,1704069420,37,view,259,pending
38,1704069480,38,edit,266,pending
39,1704069540,39,delete,273,success
40,1704069600,40,login,280,pending
41,1704069660,41,logout,287,pending
42,1704069720,42,view,294,success
43,1704069780,43,edit,301,pending
44,1704069840,44,delete,308,pending
45,1704069900,45,login,315,success
46,1704069960,46,logout,322,pending
47,1704070020,47,view,329,pending
48,1704070080,48,edit,336,success
49,1704070140,49,delete,343,pending
50,1704070200,50,login,350,pending
51,1704070260,51,logout,357,success
52,1704070320,52,view,364,pending
53,1704070380,53,edit,371,pending
54,1704070440,54,delete,378,success
55,1704070500,55,login,385,pending
56,1704070560,56,logout,392,pending
57,1704070620,57,view,399,success
58,1704070680,58,edit,406,pending
59,1704070740,59,delete,413,pending
60,1704070800,60,login,420,success
61,1704070860,61,logout,427,pending
62,1704070920,62,view,434,pending
63,1704070980,63,edit,441,success
64,1704071040,64,delete,448,pending
65,1704071100,65,login,455,pending
66,1704071160,66,logout,462,success
67,1704071220,67,view,469,pending
68,1704071280,68,edit,476,pending
69,1704071340,69,delete,483,success
70,1704071400,70,login,490,pending
71,1704071460,71,logout,497,pending
72,1704071520,72,view,504,success
73,1704071580,73,edit,511,pending
74,1704071640,74,delete,518,pending
75,1704071700,75,login,525,success
76,1704071760,76,logout,532,pending
77,1704071820,77,view,539,pending
78,1704071880,78,edit,546,success
79,1704071940,79,delete,553,pending
80,1704072000,80,login,560,pending
81,1704072060,81,logout,567,success
82,1704072120,82,view,574,pending
83,1704072180,83,edit,581,pending
84,1704072240,84,delete,588,success
85,1704072300,85,login,595,pending
86,1704072360,86,logout,602,pending
87,1704072420,87,view,609,success
88,1704072480,88,edit,616,pending
89,1704072540,89,delete,623,pending
90,1704072600,90,login,630,success
91,1704072660,91,logout,637,pending
92,1704072720,92,view,644,pending
93,1704072780,93,edit,651,success
94,1704072840,94,delete,658,pending
95,1704072900,95,login,665,pending
96,1704072960,96,logout,672,success
97,1704073020,97,view,679,pending
98,1704073080,98,edit,686,pending
99,1704073140,99,delete,693,success
100,1704073200,100,login,700,pending
101,1704073260,101,logout,707,pending
102,1704073320,102,view,714,success
103,1704073380,103,edit,721,pending
104,1704073440,104,delete,728,pending
105,1704073500,105,login,735,success
106,1704073560,106,logout,742,pending
107,1704073620,107,view,749,pending
108,1704073680,108,edit,756,success
109,1704073740,109,delete,763,pending
110,1704073800,110,login,770,pending
111,1704073860,111,logout,777,success
112,1704073920,112,view,784,pending
113,1704073980,113,edit,791,pending
114,1704074040,114,delete,798,success
115,1704074100,115,login,805,pending
116,1704074160,116,logout,812,pending
117,1704074220,117,view,819,success
118,1704074280,118,edit,826,pending
119,1704074340,119,delete,833,pending
120,1704074400,120,login,840,success
121,1704074460,121,logout,847,pending
122,1704074520,122,view,854,pending
123,1704074580,123,edit,861,success
124,1704074640,124,delete,868,pending
125,1704074700,125,login,875,pending
126,1704074760,126,logout,882,success
127,1704074820,127,view,889,pending
128,1704074880,128,edit,896,pending
129,1704074940,129,delete,903,success
130,1704075000,130,login,910,pending
131,1704075060,131,logout,917,pending
132,1704075120,132,view,924,success
133,1704075180,133,edit,931,pending
134,1704075240,134,delete,938,pending
135,1704075300,135,login,945,success
136,1704075360,136,logout,952,pending
137,1704075420,137,view,959,pending
138,1704075480,138,edit,966,success
139,1704075540,139,delete,973,pending
140,1704075600,140,login,980,pending
141,1704075660,141,logout,987,success
142,1704075720,142,view,994,pending
143,1704075780,143,edit,1001,pending
144,1704075840,144,delete,1008,success
145,1704075900,145,login,1015,pending
146,1704075960,146,logout,1022,pending
147,1704076020,147,view,1029,success
148,1704076080,148,edit,1036,pending
149,1704076140,149,delete,1043,pending
150,1704076200,150,login,1050,success
151,1704076260,151,logout,1057,pending
152,1704076320,152,view,1064,pending
153,1704076380,153,edit,1071,success
154,1704076440,154,delete,1078,pending
155,1704076500,155,login,1085,pending
156,1704076560,156,logout,1092,success
157,1704076620,157,view,1099,pending
158,1704076680,158,edit,1106,pending
159,1704076740,159,delete,1113,success
160,1704076800,160,login,1120,pending
161,1704076860,161,logout,1127,pending
162,1704076920,162,view,1134,success
163,1704076980,163,edit,1141,pending
164,1704077040,164,delete,1148,pending
165,1704077100,165,login,1155,success
166,1704077160,166,logout,1162,pending
167,1704077220,167,view,1169,pending
168,1704077280,168,edit,1176,success
169,1704077340,169,delete,1183,pending
170,1704077400,170,login,1190,pending
171,1704077460,171,logout,1197,success
172,1704077520,172,view,1204,pending
173,1704077580,173,edit,1211,pending
174,1704077640,174,delete,1218,success
175,1704077700,175,login,1225,pending
176,1704077760,176,logout,1232,pending
177,1704077820,177,view,1239,success
178,1704077880,178,edit,1246,pending
179,1704077940,179,delete,1253,pending
180,1704078000,180,login,1260,success
181,1704078060,181,logout,1267,pending
182,1704078120,182,view,1274,pending
183,1704078180,183,edit,1281,success
184,1704078240,184,delete,1288,pending
185,1704078300,185,login,1295,pending
186,1704078360,186,logout,1302,success
187,1704078420,187,view,1309,pending
188,1704078480,188,edit,1316,pending
189,1704078540,189,delete,1323,success
190,1704078600,190,login,1330,pending
191,1704078660,191,logout,1337,pending
192,1704078720,192,view,1344,success
193,1704078780,193,edit,1351,pending
194,1704078840,194,delete,1358,pending
195,1704078900,195,login,1365,success
196,1704078960,196,logout,1372,pending
197,1704079020,197,view,1379,pending
198,1704079080,198,edit,1386,success
199,1704079140,199,delete,1393,pending
200,1704079200,200,login,1400,pending
201,1704079260,201,logout,1407,success
202,1704079320,202,view,1414,pending
203,1704079380,203,edit,1421,pending
204,1704079440,204,delete,1428,success
205,1704079500,205,login,1435,pending
206,1704079560,206,logout,1442,pending
207,1704079620,207,view,1449,success
208,1704079680,208,edit,1456,pending
209,1704079740,209,delete,1463,pending
210,1704079800,210,login,1470,success
211,1704079860,211,logout,1477,pending
212,1704079920,212,view,1484,pending
213,1704079980,213,edit,1491,success
214,1704080040,214,delete,1498,pending
215,1704080100,215,login,1505,pending
216,1704080160,216,logout,1512,success
217,1704080220,217,view,1519,pending
218,1704080280,218,edit,1526,pending
219,1704080340,219,delete,1533,success
220,1704080400,220,login,1540,pending
221,1704080460,221,logout,1547,pending
222,1704080520,222,view,1554,success
223,1704080580,223,edit,1561,pending
224,1704080640,224,delete,1568,pending
225,1704080700,225,login,1575,success
226,1704080760,226,logout,1582,pending
227,1704080820,227,view,1589,pending
228,1704080880,228,edit,1596,success
229,1704080940,229,delete,1603,pending
230,1704081000,230,login,1610,pending
231,1704081060,231,logout,1617,success
232,1704081120,232,view,1624,pending
233,1704081180,233,edit,1631,pending
234,1704081240,234,delete,1638,success
235,1704081300,235,login,1645,pending
236,1704081360,236,logout,1652,pending
237,1704081420,237,view,1659,success
238,1704081480,238,edit,1666,pending
239,1704081540,239,delete,1673,pending
240,1704081600,240,login,1680,success
241,1704081660,241,logout,1687,pending
242,1704081720,242,view,1694,pending
243,1704081780,243,edit,1701,success
244,1704081840,244,delete,1708,pending
245,1704081900,245,login,1715,pending
246,1704081960,246,logout,1722,success
247,1704082020,247,view,1729,pending
248,1704082080,248,edit,1736,pending
249,1704082140,249,delete,1743,success
250,1704082200,250,login,1750,pending
251,1704082260,251,logout,1757,pending
252,1704082320,252,view,1764,success
253,1704082380,253,edit,1771,pending
254,1704082440,254,delete,1778,pending
255,1704082500,255,login,1785,success
256,1704082560,256,logout,1792,pending
257,1704082620,257,view,1799,pending
258,1704082680,258,edit,1806,success
259,1704082740,259,delete,1813,pending
260,1704082800,260,login,1820,pending
261,1704082860,261,logout,1827,success
262,1704082920,262,view,1834,pending
263,1704082980,263,edit,1841,pending
264,1704083040,264,delete,1848,success
265,1704083100,265,login,1855,pending
266,1704083160,266,logout,1862,pending
267,1704083220,267,view,1869,success
268,1704083280,268,edit,1876,pending
269,1704083340,269,delete,1883,pending
270,1704083400,270,login,1890,success
271,1704083460,271,logout,1897,pending
272,1704083520,272,view,1904,pending
273,1704083580,273,edit,1911,success
274,1704083640,274,delete,1918,pending
275,1704083700,275,login,1925,pending
276,1704083760,276,logout,1932,success
277,1704083820,277,view,1939,pending
278,1704083880,278,edit,1946,pending
279,1704083940,279,delete,1953,success
280,1704084000,280,login,1960,pending
281,1704084060,281,logout,1967,pending
282,1704084120,282,view,1974,success
283,1704084180,283,edit,1981,pending
284,1704084240,284,delete,1988,pending
285,1704084300,285,login,1995,success
286,1704084360,286,logout,2002,pending
287,1704084420,287,view,2009,pending
288,1704084480,288,edit,2016,success
289,1704084540,289,delete,2023,pending
290,1704084600,290,login,2030,pending
291,1704084660,291,logout,2037,success
292,1704084720,292,view,2044,pending
293,1704084780,293,edit,2051,pending
294,1704084840,294,delete,2058,success
295,1704084900,295,login,2065,pending
296,1704084960,296,logout,2072,pending
297,1704085020,297,view,2079,success
298,1704085080,298,edit,2086,pending
299,1704085140,299,delete,2093,pending
300,1704085200,300,login,2100,success
301,1704085260,301,logout,2107,pending
302,1704085320,302,view,2114,pending
303,1704085380,303,edit,2121,success
304,1704085440,304,delete,2128,pending
305,1704085500,305,login,2135,pending
306,1704085560,306,logout,2142,success
307,1704085620,307,view,2149,pending
308,1704085680,308,edit,2156,pending
309,1704085740,309,delete,2163,success
310,1704085800,310,login,2170,pending
311,1704085860,311,logout,2177,pending
312,1704085920,312,view,2184,success
313,1704085980,313,edit,2191,pending
314,1704086040,314,delete,2198,pending
315,1704086100,315,login,2205,success
316,1704086160,316,logout,2212,pending
317,1704086220,317,view,2219,pending
318,1704086280,318,edit,2226,success
319,1704086340,319,delete,2233,pending
320,1704086400,320,login,2240,pending
321,1704086460,321,logout,2247,success
322,1704086520,322,view,2254,pending
323,1704086580,323,edit,2261,pending
324,1704086640,324,delete,2268,success
325,1704086700,325,login,2275,pending
326,1704086760,326,logout,2282,pending
327,1704086820,327,view,2289,success
328,1704086880,328,edit,2296,pending
329,1704086940,329,delete,2303,pending
330,1704087000,330,login,2310,success
331,1704087060,331,logout,2317,pending
332,1704087120,332,view,2324,pending
333,1704087180,333,edit,2331,success
334,1704087240,334,delete,2338,pending
335,1704087300,335,login,2345,pending
336,1704087360,336,logout,2352,success
337,1704087420,337,view,2359,pending
338,1704087480,338,edit,2366,pending
339,1704087540,339,delete,2373,success
340,1704087600,340,login,2380,pending
341,1704087660,341,logout,2387,pending
342,1704087720,342,view,2394,success
343,1704087780,343,edit,2401,pending
344,1704087840,344,delete,2408,pending
345,1704087900,345,login,2415,success
346,1704087960,346,logout,2422,pending
347,1704088020,347,view,2429,pending
348,1704088080,348,edit,2436,success
349,1704088140,349,delete,2443,pending
350,1704088200,350,login,2450,pending
351,1704088260,351,logout,2457,success
352,1704088320,352,view,2464,pending
353,1704088380,353,edit,2471,pending
354,1704088440,354,delete,2478,success
355,1704088500,355,login,2485,pending
356,1704088560,356,logout,2492,pending
357,1704088620,357,view,2499,success
358,1704088680,358,edit,2506,pending
359,1704088740,359,delete,2513,pending
360,1704088800,360,login,2520,success
361,1704088860,361,logout,2527,pending
362,1704088920,362,view,2534,pending
363,1704088980,363,edit,2541,success
364,1704089040,364,delete,2548,pending
365,1704089100,365,login,2555,pending
366,1704089160,366,logout,2562,success
367,1704089220,367,view,2569,pending
368,1704089280,368,edit,2576,pending
369,1704089340,369,delete,2583,success
370,1704089400,370,login,2590,pending
371,1704089460,371,logout,2597,pending
372,1704089520,372,view,2604,success
373,1704089580,373,edit,2611,pending
374,1704089640,374,delete,2618,pending
375,1704089700,375,login,2625,success
376,1704089760,376,logout,2632,pending
377,1704089820,377,view,2639,pending
378,1704089880,378,edit,2646,success
379,1704089940,379,delete,2653,pending
380,1704090000,380,login,2660,pending
381,1704090060,381,logout,2667,success
382,1704090120,382,view,2674,pending
383,1704090180,383,edit,2681,pending
384,1704090240,384,delete,2688,success
385,1704090300,385,login,2695,pending
386,1704090360,386,logout,2702,pending
387,1704090420,387,view,2709,success
388,1704090480,388,edit,2716,pending
389,1704090540,389,delete,2723,pending
390,1704090600,390,login,2730,success
391,1704090660,391,logout,2737,pending
392,1704090720,392,view,2744,pending
393,1704090780,393,edit,2751,success
394,1704090840,394,delete,2758,pending
395,1704090900,395,login,2765,pending
396,1704090960,396,logout,2772,success
397,1704091020,397,view,2779,pending
398,1704091080,398,edit,2786,pending
399,1704091140,399,delete,2793,success
400,1704091200,400,login,2800,pending
401,1704091260,401,logout,2807,pending
402,1704091320,402,view,2814,success
403,1704091380,403,edit,2821,pending
404,1704091440,404,delete,2828,pending
405,1704091500,405,login,2835,success
406,1704091560,406,logout,2842,pending
407,1704091620,407,view,2849,pending
408,1704091680,408,edit,2856,success
409,1704091740,409,delete,2863,pending
410,1704091800,410,login,2870,pending
411,1704091860,411,logout,2877,success
412,1704091920,412,view,2884,pending
413,1704091980,413,edit,2891,pending
414,1704092040,414,delete,2898,success
415,1704092100,415,login,2905,pending
416,1704092160,416,logout,2912,pending
417,1704092220,417,view,2919,success
418,1704092280,418,edit,2926,pending
419,1704092340,419,delete,2933,pending
420,1704092400,420,login,2940,success
421,1704092460,421,logout,2947,pending
422,1704092520,422,view,2954,pending
423,1704092580,423,edit,2961,success
424,1704092640,424,delete,2968,pending
425,1704092700,425,login,2975,pending
426,1704092760,426,logout,2982,success
427,1704092820,427,view,2989,pending
428,1704092880,428,edit,2996,pending
429,1704092940,429,delete,3003,success
430,1704093000,430,login,3010,pending
431,1704093060,431,logout,3017,pending
432,1704093120,432,view,3024,success
433,1704093180,433,edit,3031,pending
434,1704093240,434,delete,3038,pending
435,1704093300,435,login,3045,success
436,1704093360,436,logout,3052,pending
437,1704093420,437,view,3059,pending
438,1704093480,438,edit,3066,success
439,1704093540,439,delete,3073,pending
440,1704093600,440,login,3080,pending
441,1704093660,441,logout,3087,success
442,1704093720,442,view,3094,pending
443,1704093780,443,edit,3101,pending
444,1704093840,444,delete,3108,success
445,1704093900,445,login,3115,pending
446,1704093960,446,logout,3122,pending
447,1704094020,447,view,3129,success
448,1704094080,448,edit,3136,pending
449,1704094140,449,delete,3143,pending
450,1704094200,450,login,3150,success
451,1704094260,451,logout,3157,pending
452,1704094320,452,view,3164,pending
453,1704094380,453,edit,3171,success
454,1704094440,454,delete,3178,pending
455,1704094500,455,login,3185,pending
456,1704094560,456,logout,3192,success
457,1704094620,457,view,3199,pending
458,1704094680,458,edit,3206,pending
459,1704094740,459,delete,3213,success
460,1704094800,460,login,3220,pending
461,1704094860,461,logout,3227,pending
462,1704094920,462,view,3234,success
463,1704094980,463,edit,3241,pending
464,1704095040,464,delete,3248,pending
465,1704095100,465,login,3255,success
466,1704095160,466,logout,3262,pending
467,1704095220,467,view,3269,pending
468,1704095280,468,edit,3276,success
469,1704095340,469,delete,3283,pending
470,1704095400,470,login,3290,pending
471,1704095460,471,logout,3297,success
472,1704095520,472,view,3304,pending
473,1704095580,473,edit,3311,pending
474,1704095640,474,delete,3318,success
475,1704095700,475,login,3325,pending
476,1704095760,476,logout,3332,pending
477,1704095820,477,view,3339,success
478,1704095880,478,edit,3346,pending
479,1704095940,479,delete,3353,pending
480,1704096000,480,login,3360,success
481,1704096060,481,logout,3367,pending
482,1704096120,482,view,3374,pending
483,1704096180,483,edit,3381,success
484,1704096240,484,delete,3388,pending
485,1704096300,485,login,3395,pending
486,1704096360,486,logout,3402,success
487,1704096420,487,view,3409,pending
488,1704096480,488,edit,3416,pending
489,1704096540,489,delete,3423,success
490,1704096600,490,login,3430,pending
491,1704096660,491,logout,3437,pending
492,1704096720,492,view,3444,success
493,1704096780,493,edit,3451,pending
494,1704096840,494,delete,3458,pending
495,1704096900,495,login,3465,success
496,1704096960,496,logout,3472,pending
497,1704097020,497,view,3479,pending
498,1704097080,498,edit,3486,success
499,1704097140,499,delete,3493,pending
500,1704097200,500,login,3500,pending
501,1704097260,501,logout,3507,success
502,1704097320,502,view,3514,pending
503,1704097380,503,edit,3521,pending
504,1704097440,504,delete,3528,success
505,1704097500,505,login,3535,pending
506,1704097560,506,logout,3542,pending
507,1704097620,507,view,3549,success
508,1704097680,508,edit,3556,pending
509,1704097740,509,delete,3563,pending
510,1704097800,510,login,3570,success
511,1704097860,511,logout,3577,pending
512,1704097920,512,view,3584,pending
513,1704097980,513,edit,3591,success
514,1704098040,514,delete,3598,pending
515,1704098100,515,login,3605,pending
516,1704098160,516,logout,3612,success
517,1704098220,517,view,3619,pending
518,1704098280,518,edit,3626,pending
519,1704098340,519,delete,3633,success
520,1704098400,520,login,3640,pending
521,1704098460,521,logout,3647,pending
522,1704098520,522,view,3654,success
523,1704098580,523,edit,3661,pending
524,1704098640,524,delete,3668,pending
525,1704098700,525,login,3675,success
526,1704098760,526,logout,3682,pending
527,1704098820,527,view,3689,pending
528,1704098880,528,edit,3696,success
529,1704098940,529,delete,3703,pending
530,1704099000,530,login,3710,pending
531,1704099060,531,logout,3717,success
532,1704099120,532,view,3724,pending
533,1704099180,533,edit,3731,pending
534,1704099240,534,delete,3738,success
535,1704099300,535,login,3745,pending
536,1704099360,536,logout,3752,pending
537,1704099420,537,view,3759,success
538,1704099480,538,edit,3766,pending
539,1704099540,539,delete,3773,pending
540,1704099600,540,login,3780,success
541,1704099660,541,logout,3787,pending
542,1704099720,542,view,3794,pending
543,1704099780,543,edit,3801,success
544,1704099840,544,delete,3808,pending
545,1704099900,545,login,3815,pending
546,1704099960,546,logout,3822,success
547,1704100020,547,view,3829,pending
548,1704100080,548,edit,3836,pending
549,1704100140,549,delete,3843,success
550,1704100200,550,login,3850,pending
551,1704100260,551,logout,3857,pending
552,1704100320,552,view,3864,success
553,1704100380,553,edit,3871,pending
554,1704100440,554,delete,3878,pending
555,1704100500,555,login,3885,success
556,1704100560,556,logout,3892,pending
557,1704100620,557,view,3899,pending
558,1704100680,558,edit,3906,success
559,1704100740,559,delete,3913,pending
560,1704100800,560,login,3920,pending
561,1704100860,561,logout,3927,success
562,1704100920,562,view,3934,pending
563,1704100980,563,edit,3941,pending
564,1704101040,564,delete,3948,success
565,1704101100,565,login,3955,pending
566,1704101160,566,logout,3962,pending
567,1704101220,567,view,3969,success
568,1704101280,568,edit,3976,pending
569,1704101340,569,delete,3983,pending
570,1704101400,570,login,3990,success
571,1704101460,571,logout,3997,pending
572,1704101520,572,view,4004,pending
573,1704101580,573,edit,4011,success
574,1704101640,574,delete,4018,pending
575,1704101700,575,login,4025,pending
576,1704101760,576,logout,4032,success
577,1704101820,577,view,4039,pending
578,1704101880,578,edit,4046,pending
579,1704101940,579,delete,4053,success
580,1704102000,580,login,4060,pending
581,1704102060,581,logout,4067,pending
582,1704102120,582,view,4074,success
583,1704102180,583,edit,4081,pending
584,1704102240,584,delete,4088,pending
585,1704102300,585,login,4095,success
586,1704102360,586,logout,4102,pending
587,1704102420,587,view,4109,pending
588,1704102480,588,edit,4116,success
589,1704102540,589,delete,4123,pending
590,1704102600,590,login,4130,pending
591,1704102660,591,logout,4137,success
592,1704102720,592,view,4144,pending
593,1704102780,593,edit,4151,pending
594,1704102840,594,delete,4158,success
595,1704102900,595,login,4165,pending
596,1704102960,596,logout,4172,pending
597,1704103020,597,view,4179,success
598,1704103080,598,edit,4186,pending
599,1704103140,599,delete,4193,pending
600,1704103200,600,login,4200,success
601,1704103260,601,logout,4207,pending
602,1704103320,602,view,4214,pending
603,1704103380,603,edit,4221,success
604,1704103440,604,delete,4228,pending
605,1704103500,605,login,4235,pending
606,1704103560,606,logout,4242,success
607,1704103620,607,view,4249,pending
608,1704103680,608,edit,4256,pending
609,1704103740,609,delete,4263,success
610,1704103800,610,login,4270,pending
611,1704103860,611,logout,4277,pending
612,1704103920,612,view,4284,success
613,1704103980,613,edit,4291,pending
614,1704104040,614,delete,4298,pending
615,1704104100,615,login,4305,success
616,1704104160,616,logout,4312,pending
617,1704104220,617,view,4319,pending
618,1704104280,618,edit,4326,success
619,1704104340,619,delete,4333,pending
620,1704104400,620,login,4340,pending
621,1704104460,621,logout,4347,success
622,1704104520,622,view,4354,pending
623,1704104580,623,edit,4361,pending
624,1704104640,624,delete,4368,success
625,1704104700,625,login,4375,pending
626,1704104760,626,logout,4382,pending
627,1704104820,627,view,4389,success
628,1704104880,628,edit,4396,pending
629,1704104940,629,delete,4403,pending
630,1704105000,630,login,4410,success
631,1704105060,631,logout,4417,pending
632,1704105120,632,view,4424,pending
633,1704105180,633,edit,4431,success
634,1704105240,634,delete,4438,pending
635,1704105300,635,login,4445,pending
636,1704105360,636,logout,4452,success
637,1704105420,637,view,4459,pending
638,1704105480,638,edit,4466,pending
639,1704105540,639,delete,4473,success
640,1704105600,640,login,4480,pending
641,1704105660,641,logout,4487,pending
642,1704105720,642,view,4494,success
643,1704105780,643,edit,4501,pending
644,1704105840,644,delete,4508,pending
645,1704105900,645,login,4515,success
646,1704105960,646,logout,4522,pending
647,1704106020,647,view,4529,pending
648,1704106080,648,edit,4536,success
649,1704106140,649,delete,4543,pending
650,1704106200,650,login,4550,pending
651,1704106260,651,logout,4557,success
652,1704106320,652,view,4564,pending
653,1704106380,653,edit,4571,pending
654,1704106440,654,delete,4578,success
655,1704106500,655,login,4585,pending
656,1704106560,656,logout,4592,pending
657,1704106620,657,view,4599,success
658,1704106680,658,edit,4606,pending
659,1704106740,659,delete,4613,pending
660,1704106800,660,login,4620,success
661,1704106860,661,logout,4627,pending
662,1704106920,662,view,4634,pending
663,1704106980,663,edit,4641,success
664,1704107040,664,delete,4648,pending
665,1704107100,665,login,4655,pending
666,1704107160,666,logout,4662,success
667,1704107220,667,view,4669,pending
668,1704107280,668,edit,4676,pending
669,1704107340,669,delete,4683,success
670,1704107400,670,login,4690,pending
671,1704107460,671,logout,4697,pending
672,1704107520,672,view,4704,success
673,1704107580,673,edit,4711,pending
674,1704107640,674,delete,4718,pending
675,1704107700,675,login,4725,success
676,1704107760,676,logout,4732,pending
677,1704107820,677,view,4739,pending
678,1704107880,678,edit,4746,success
679,1704107940,679,delete,4753,pending
680,1704108000,680,login,4760,pending
681,1704108060,681,logout,4767,success
682,1704108120,682,view,4774,pending
683,1704108180,683,edit,4781,pending
684,1704108240,684,delete,4788,success
685,1704108300,685,login,4795,pending
686,1704108360,686,logout,4802,pending
687,1704108420,687,view,4809,success
688,1704108480,688,edit,4816,pending
689,1704108540,689,delete,4823,pending
690,1704108600,690,login,4830,success
691,1704108660,691,logout,4837,pending
692,1704108720,692,view,4844,pending
693,1704108780,693,edit,4851,success
694,1704108840,694,delete,4858,pending
695,1704108900,695,login,4865,pending
696,1704108960,696,logout,4872,success
697,1704109020,697,view,4879,pending
698,1704109080,698,edit,4886,pending
699,1704109140,699,delete,4893,success
700,1704109200,700,login,4900,pending
701,1704109260,701,logout,4907,pending
702,1704109320,702,view,4914,success
703,1704109380,703,edit,4921,pending
704,1704109440,704,delete,4928,pending
705,1704109500,705,login,4935,success
706,1704109560,706,logout,4942,pending
707,1704109620,707,view,4949,pending
708,1704109680,708,edit,4956,success
709,1704109740,709,delete,4963,pending
710,1704109800,710,login,4970,pending
711,1704109860,711,logout,4977,success
712,1704109920,712,view,4984,pending
713,1704109980,713,edit,4991,pending
714,1704110040,714,delete,4998,success
715,1704110100,715,login,5005,pending
716,1704110160,716,logout,5012,pending
717,1704110220,717,view,5019,success
718,1704110280,718,edit,5026,pending
719,1704110340,719,delete,5033,pending
720,1704110400,720,login,5040,success
721,1704110460,721,logout,5047,pending
722,1704110520,722,view,5054,pending
723,1704110580,723,edit,5061,success
724,1704110640,724,delete,5068,pending
725,1704110700,725,login,5075,pending
726,1704110760,726,logout,5082,success
727,1704110820,727,view,5089,pending
728,1704110880,728,edit,5096,pending
729,1704110940,729,delete,5103,success
730,1704111000,730,login,5110,pending
731,1704111060,731,logout,5117,pending
732,1704111120,732,view,5124,success
733,1704111180,733,edit,5131,pending
734,1704111240,734,delete,5138,pending
735,1704111300,735,login,5145,success
736,1704111360,736,logout,5152,pending
737,1704111420,737,view,5159,pending
738,1704111480,738,edit,5166,success
739,1704111540,739,delete,5173,pending
740,1704111600,740,login,5180,pending
741,1704111660,741,logout,5187,success
742,1704111720,742,view,5194,pending
743,1704111780,743,edit,5201,pending
744,1704111840,744,delete,5208,success
745,1704111900,745,login,5215,pending
746,1704111960,746,logout,5222,pending
747,1704112020,747,view,5229,success
748,1704112080,748,edit,5236,pending
749,1704112140,749,delete,5243,pending
750,1704112200,750,login,5250,success
751,1704112260,751,logout,5257,pending
752,1704112320,752,view,5264,pending
753,1704112380,753,edit,5271,success
754,1704112440,754,delete,5278,pending
755,1704112500,755,login,5285,pending
756,1704112560,756,logout,5292,success
757,1704112620,757,view,5299,pending
758,1704112680,758,edit,5306,pending
759,1704112740,759,delete,5313,success
760,1704112800,760,login,5320,pending
761,1704112860,761,logout,5327,pending
762,1704112920,762,view,5334,success
763,1704112980,763,edit,5341,pending
764,1704113040,764,delete,5348,pending
765,1704113100,765,login,5355,success
766,1704113160,766,logout,5362,pending
767,1704113220,767,view,5369,pending
768,1704113280,768,edit,5376,success
769,1704113340,769,delete,5383,pending
770,1704113400,770,login,5390,pending
771,1704113460,771,logout,5397,success
772,1704113520,772,view,5404,pending
773,1704113580,773,edit,5411,pending
774,1704113640,774,delete,5418,success
775,1704113700,775,login,5425,pending
776,1704113760,776,logout,5432,pending
777,1704113820,777,view,5439,success
778,1704113880,778,edit,5446,pending
779,1704113940,779,delete,5453,pending
780,1704114000,780,login,5460,success
781,1704114060,781,logout,5467,pending
782,1704114120,782,view,5474,pending
783,1704114180,783,edit,5481,success
784,1704114240,784,delete,5488,pending
785,1704114300,785,login,5495,pending
786,1704114360,786,logout,5502,success
787,1704114420,787,view,5509,pending
788,1704114480,788,edit,5516,pending
789,1704114540,789,delete,5523,success
790,1704114600,790,login,5530,pending
791,1704114660,791,logout,5537,pending
792,1704114720,792,view,5544,success
793,1704114780,793,edit,5551,pending
794,1704114840,794,delete,5558,pending
795,1704114900,795,login,5565,success
796,1704114960,796,logout,5572,pending
797,1704115020,797,view,5579,pending
798,1704115080,798,edit,5586,success
799,1704115140,799,delete,5593,pending
800,1704115200,800,login,5600,pending
801,1704115260,801,logout,5607,success
802,1704115320,802,view,5614,pending
803,1704115380,803,edit,5621,pending
804,1704115440,804,delete,5628,success
805,1704115500,805,login,5635,pending
806,1704115560,806,logout,5642,pending
807,1704115620,807,view,5649,success
808,1704115680,808,edit,5656,pending
809,1704115740,809,delete,5663,pending
810,1704115800,810,login,5670,success
811,1704115860,811,logout,5677,pending
812,1704115920,812,view,5684,pending
813,1704115980,813,edit,5691,success
814,1704116040,814,delete,5698,pending
815,1704116100,815,login,5705,pending
816,1704116160,816,logout,5712,success
817,1704116220,817,view,5719,pending
818,1704116280,818,edit,5726,pending
819,1704116340,819,delete,5733,success
820,1704116400,820,login,5740,pending
821,1704116460,821,logout,5747,pending
822,1704116520,822,view,5754,success
823,1704116580,823,edit,5761,pending
824,1704116640,824,delete,5768,pending
825,1704116700,825,login,5775,success
826,1704116760,826,logout,5782,pending
827,1704116820,827,view,5789,pending
828,1704116880,828,edit,5796,success
829,1704116940,829,delete,5803,pending
830,1704117000,830,login,5810,pending
831,1704117060,831,logout,5817,success
832,1704117120,832,view,5824,pending
833,1704117180,833,edit,5831,pending
834,1704117240,834,delete,5838,success
835,1704117300,835,login,5845,pending
836,1704117360,836,logout,5852,pending
837,1704117420,837,view,5859,success
838,1704117480,838,edit,5866,pending
839,1704117540,839,delete,5873,pending
840,1704117600,840,login,5880,success
841,1704117660,841,logout,5887,pending
842,1704117720,842,view,5894,pending
843,1704117780,843,edit,5901,success
844,1704117840,844,delete,5908,pending
845,1704117900,845,login,5915,pending
846,1704117960,846,logout,5922,success
847,1704118020,847,view,5929,pending
848,1704118080,848,edit,5936,pending
849,1704118140,849,delete,5943,success
850,1704118200,850,login,5950,pending
851,1704118260,851,logout,5957,pending
852,1704118320,852,view,5964,success
853,1704118380,853,edit,5971,pending
854,1704118440,854,delete,5978,pending
855,1704118500,855,login,5985,success
856,1704118560,856,logout,5992,pending
857,1704118620,857,view,5999,pending
858,1704118680,858,edit,6006,success
859,1704118740,859,delete,6013,pending
860,1704118800,860,login,6020,pending
861,1704118860,861,logout,6027,success
862,1704118920,862,view,6034,pending
863,1704118980,863,edit,6041,pending
864,1704119040,864,delete,6048,success
865,1704119100,865,login,6055,pending
866,1704119160,866,logout,6062,pending
867,1704119220,867,view,6069,success
868,1704119280,868,edit,6076,pending
869,1704119340,869,delete,6083,pending
870,1704119400,870,login,6090,success
871,1704119460,871,logout,6097,pending
872,1704119520,872,view,6104,pending
873,1704119580,873,edit,6111,success
874,1704119640,874,delete,6118,pending
875,1704119700,875,login,6125,pending
876,1704119760,876,logout,6132,success
877,1704119820,877,view,6139,pending
878,1704119880,878,edit,6146,pending
879,1704119940,879,delete,6153,success
880,1704120000,880,login,6160,pending
881,1704120060,881,logout,6167,pending
882,1704120120,882,view,6174,success
883,1704120180,883,edit,6181,pending
884,1704120240,884,delete,6188,pending
885,1704120300,885,login,6195,success
886,1704120360,886,logout,6202,pending
887,1704120420,887,view,6209,pending
888,1704120480,888,edit,6216,success
889,1704120540,889,delete,6223,pending
890,1704120600,890,login,6230,pending
891,1704120660,891,logout,6237,success
892,1704120720,892,view,6244,pending
893,1704120780,893,edit,6251,pending
894,1704120840,894,delete,6258,success
895,1704120900,895,login,6265,pending
896,1704120960,896,logout,6272,pending
897,1704121020,897,view,6279,success
898,1704121080,898,edit,6286,pending
899,1704121140,899,delete,6293,pending
900,1704121200,900,login,6300,success
901,1704121260,901,logout,6307,pending
902,1704121320,902,view,6314,pending
903,1704121380,903,edit,6321,success
904,1704121440,904,delete,6328,pending
905,1704121500,905,login,6335,pending
906,1704121560,906,logout,6342,success
907,1704121620,907,view,6349,pending
908,1704121680,908,edit,6356,pending
909,1704121740,909,delete,6363,success
910,1704121800,910,login,6370,pending
911,1704121860,911,logout,6377,pending
912,1704121920,912,view,6384,success
913,1704121980,913,edit,6391,pending
914,1704122040,914,delete,6398,pending
915,1704122100,915,login,6405,success
916,1704122160,916,logout,6412,pending
917,1704122220,917,view,6419,pending
918,1704122280,918,edit,6426,success
919,1704122340,919,delete,6433,pending
920,1704122400,920,login,6440,pending
921,1704122460,921,logout,6447,success
922,1704122520,922,view,6454,pending
923,1704122580,923,edit,6461,pending
924,1704122640,924,delete,6468,success
925,1704122700,925,login,6475,pending
926,1704122760,926,logout,6482,pending
927,1704122820,927,view,6489,success
928,1704122880,928,edit,6496,pending
929,1704122940,929,delete,6503,pending
930,1704123000,930,login,6510,success
931,1704123060,931,logout,6517,pending
932,1704123120,932,view,6524,pending
933,1704123180,933,edit,6531,success
934,1704123240,934,delete,6538,pending
935,1704123300,935,login,6545,pending
936,1704123360,936,logout,6552,success
937,1704123420,937,view,6559,pending
938,1704123480,938,edit,6566,pending
939,1704123540,939,delete,6573,success
940,1704123600,940,login,6580,pending
941,1704123660,941,logout,6587,pending
942,1704123720,942,view,6594,success
943,1704123780,943,edit,6601,pending
944,1704123840,944,delete,6608,pending
945,1704123900,945,login,6615,success
946,1704123960,946,logout,6622,pending
947,1704124020,947,view,6629,pending
948,1704124080,948,edit,6636,success
949,1704124140,949,delete,6643,pending
950,1704124200,950,login,6650,pending
951,1704124260,951,logout,6657,success
952,1704124320,952,view,6664,pending
953,1704124380,953,edit,6671,pending
954,1704124440,954,delete,6678,success
955,1704124500,955,login,6685,pending
956,1704124560,956,logout,6692,pending
957,1704124620,957,view,6699,success
958,1704124680,958,edit,6706,pending
959,1704124740,959,delete,6713,pending
960,1704124800,960,login,6720,success
961,1704124860,961,logout,6727,pending
962,1704124920,962,view,6734,pending
963,1704124980,963,edit,6741,success
964,1704125040,964,delete,6748,pending
965,1704125100,965,login,6755,pending
966,1704125160,966,logout,6762,success
967,1704125220,967,view,6769,pending
968,1704125280,968,edit,6776,pending
969,1704125340,969,delete,6783,success
970,1704125400,970,login,6790,pending
971,1704125460,971,logout,6797,pending
972,1704125520,972,view,6804,success
973,1704125580,973,edit,6811,pending
974,1704125640,974,delete,6818,pending
975,1704125700,975,login,6825,success
976,1704125760,976,logout,6832,pending
977,1704125820,977,view,6839,pending
978,1704125880,978,edit,6846,success
979,1704125940,979,delete,6853,pending
980,1704126000,980,login,6860,pending
981,1704126060,981,logout,6867,success
982,1704126120,982,view,6874,pending
983,1704126180,983,edit,6881,pending
984,1704126240,984,delete,6888,success
985,1704126300,985,login,6895,pending
986,1704126360,986,logout,6902,pending
987,1704126420,987,view,6909,success
988,1704126480,988,edit,6916,pending
989,1704126540,989,delete,6923,pending
990,1704126600,990,login,6930,success
991,1704126660,991,logout,6937,pending
992,1704126720,992,view,6944,pending
993,1704126780,993,edit,6951,success
994,1704126840,994,delete,6958,pending
995,1704126900,995,login,6965,pending
996,1704126960,996,logout,6972,success
997,1704127020,997,view,6979,pending
998,1704127080,998,edit,6986,pending
999,1704127140,999,delete,6993,success
